"","Early Sample 1","Early Sample 2","Early Sample 3","Mid Sample 1","Mid Sample 2","Mid Sample 3","Stationary Sample 1","Stationary Sample 2","Stationary Sample 3","Genetic element","P values","F values"
"BB_0007_-_hypothetical_protein",2.80986193228237,2.74230634182154,2.81040862029604,2.82683188906043,2.83298956390194,2.87273940963646,3.21400092296423,3.27592147239866,2.89349045127372,"Chromosome",0.0456680416632666,5.39299810755514
"BB_0009_-_hypothetical_protein",2.12923215984666,2.13973744554052,2.06492946687349,2.14356122997898,2.06807448990765,2.06275491556159,1.55712687737289,1.31846820930305,1.99763448179446,"Chromosome",0.0193614429115096,8.17228522894701
"BB_0012_truA_tRNA_pseudouridine_synthase_A",2.48978135235531,2.56632787351312,2.47623874086647,2.519759760884,2.33253540786196,2.34079101522638,2.29375578334102,1.553869682195,2.27887244423322,"Chromosome",0.0427192597293053,5.58183213546334
"BB_0013_-_hypothetical_protein",2.36495414862109,2.49306749837723,2.38602428186845,2.21250721277008,2.21937230396615,2.15842582208949,2.03592579133032,1.28416669279335,2.15941377958504,"Chromosome",0.0099918078489355,10.9285710385411
"BB_0014_priA_primosomal_protein_N",2.06896837119681,2.238921340681,2.12721173831605,1.95032833704926,1.96481569911975,1.91652816708288,1.78209693315349,1.21884260613005,1.89752427776948,"Chromosome",0.0132021750324055,9.69324782295332
"BB_0016_-_GlpE_protein",3.2627168061423,3.38436237596171,3.26816360334435,3.35473828569695,3.53568645382356,3.56507767970148,3.60339123297544,3.5496321653999,3.49026757583081,"Chromosome",0.0353800024287033,6.1383678368358
"BB_0020_-_diphosphate--fructose-6-phosphate_1-phosphotransferase",3.16973907389359,3.16265400411958,3.16191576623717,3.22733899415172,3.18260008683097,3.21340883768929,3.21871401764556,3.31656787588581,3.28128795743786,"Chromosome",0.021594995877069,7.77300545027138
"BB_0033_smpB_SsrA-binding_protein",2.38865704118791,2.35302134350619,2.4555787306305,2.32792059918755,2.28354318998395,2.28165139901052,2.24953098518681,2.11266531602421,2.24126997810224,"Chromosome",0.0110076854296093,10.4861892988799
"BB_0036_-_DNA_topoisomerase_IV_subunit_B",2.83471882112146,2.85912207852556,2.84597195332458,2.92666547448876,2.93432823505322,2.96891702603325,2.88136753575707,2.84429509425784,2.90160760149378,"Chromosome",0.00480685612361417,14.7760070418394
"BB_0037_-_1-acyl-sn-glycerol-3-phosphate_acyltransferase",3.13798041106934,3.19179462509557,3.14829718409387,3.30199306080659,3.33960048706043,3.20788738530968,3.22221166812442,3.20188031531934,3.22163589316613,"Chromosome",0.0417319013783386,5.64898606250742
"BB_0040_cheR_chemotaxis_protein_methyltransferase",1.70768086450618,1.92744273942148,1.59770176609509,1.73874806443347,1.87677248227848,1.93581952312241,1.22358678804606,1.11128268166516,1.53118630838399,"Chromosome",0.029352742432841,6.72534522944723
"BB_0047_-_hypothetical_protein",3.4377473927761,3.41837919212141,3.45240904047498,3.62602505576243,3.56568256651088,3.63850722738899,3.63857610716629,3.69294645204208,3.65696209635168,"Chromosome",0.000416659386583108,37.1662109369901
"BB_0053_ung_uracil-DNA_glycosylase",1.18122313243145,1.45615035085233,1.4171759733569,1.50531687818737,1.73319084295954,1.78376141027852,1.35087186836704,0.752186016669878,1.45432797067698,"Chromosome",0.0410390710766706,5.69738604851443
"BB_0055_tpiA_triosephosphate_isomerase",3.39021067910905,3.44545162859323,3.39997986902057,3.46721432461951,3.47992352739729,3.47900922137153,3.45064779856165,3.53399054832716,3.49700018062113,"Chromosome",0.0399392843642379,5.77649605112366
"BB_0061_trx_thioredoxin",3.30584772938062,3.37127294868064,3.33629559155464,3.41475781762073,3.57878013227683,3.61623493109382,3.79330484864558,3.68652634131553,3.56098444246883,"Chromosome",0.025827884437168,7.14904028875435
"BB_0068_-_haloacid_dehalogenase-like_hydrolase",2.92186379786315,2.85352299883059,2.91100677845519,2.88080787784212,2.87839424585347,2.90178296729171,2.7112553667337,2.65370829149327,2.81321057959652,"Chromosome",0.00882528637513912,11.517048210142
"BB_0073_-_hypothetical_protein",2.12201589288854,2.28141065297451,2.21515092336252,2.22265925493205,2.2090670849931,2.09209927855072,2.00460078033298,1.46043474922885,1.99556061237372,"Chromosome",0.0332883894289158,6.32589082251884
"BB_0077_-_hypothetical_protein",2.26744395744229,2.37164038383788,2.3250063618639,2.2847194155074,2.18276548455022,2.16739709579763,2.05274779264064,1.42827899474637,2.09073406942046,"Chromosome",0.0175269420088106,8.54921691219628
"BB_0092_-_V-type_ATPase_subunit_D",3.25677064684517,3.21658019843543,3.21919668370557,3.16541646616782,3.12990569710599,3.19395897801919,2.8435684943991,2.92612936365493,3.15359842509929,"Chromosome",0.0262351820899833,7.09624530127827
"BB_0097_-_hypothetical_protein",3.36531760320673,3.42288353761895,3.38222242790639,3.48411611528382,3.45319292705515,3.5127417470455,3.60417851576347,3.58536145085179,3.55739169549342,"Chromosome",0.00042727418072481,36.8308008007894
"BB_0107_nusB_transcription_antitermination_factor_NusB",2.94370567611649,3.00275768192805,2.99352881133067,3.08510854321943,3.1898999910918,3.1784186208113,3.06345345836332,3.1521262182975,3.11805960333865,"Chromosome",0.0135647340135574,9.5791364274868
"BB_0111_dnaB_replicative_DNA_helicase",3.18111152796208,3.16847980496179,3.21509799483067,3.13640344813399,3.12448140095097,3.16672901397925,3.2347374119809,3.3132701823176,3.20548586014451,"Chromosome",0.0441289545447677,5.48945951937541
"BB_0115_-_30S_ribosomal_protein_S6",3.47995660789839,3.43114656261312,3.50290348999328,3.48810773589299,3.48292643860228,3.55269254565378,3.57844207116568,3.67678594452997,3.59024981942584,"Chromosome",0.0200857960404092,8.03633577657685
"BB_0120_uppS_isoprenyl_transferase",3.42431635954502,3.36674785605254,3.38539533040687,3.41146818145792,3.40216677335231,3.3661707129972,3.48032894926078,3.60135042624604,3.46919146340475,"Chromosome",0.0431370418513231,5.55403720388925
"BB_0134_-_hypothetical_protein",2.2803802978485,2.32580701087293,2.23074771536027,2.2510465932318,2.2459566056502,2.21005084987514,2.15034189752026,1.72934867771063,2.02298892142596,"Chromosome",0.0181584949467368,8.41373990182207
"BB_0139_-_hypothetical_protein",3.15847105214628,3.09532978401365,3.21338492491639,3.14107960306099,3.08295044262839,3.11966161323793,3.23590450426554,3.24641486517451,3.20439404455594,"Chromosome",0.0290540865165063,6.75855497137884
"BB_0141_-_membrane_fusion_protein",2.93531879554313,2.91142503047488,2.95127970617481,2.91101690651063,2.83295894065078,2.99119505355013,3.04811537735991,3.10330416608308,2.98938128628629,"Chromosome",0.0488645488588847,5.20584463884837
"BB_0144_-_glycine/betaine_ABC_transporter_substrate-binding_protein",2.96394074760698,2.99557114240534,3.0114774007335,3.02813185629317,2.96259139896621,3.02573584970007,3.04373941983177,3.09762167255692,3.10579280998036,"Chromosome",0.0227912018473504,7.58113313669505
"BB_0147_-_flagellin",4.03867975911585,4.11644501909053,4.0693424389461,4.07414327455132,4.00879173001625,4.09981525843749,3.87757519755103,3.49389003925301,3.98359742339609,"Chromosome",0.0452509392705742,5.41870687973763
"BB_0152_nagB_glucosamine-6-phosphate_deaminase",2.18173214282591,2.22148987413832,2.1609005097513,2.25941467752921,2.21012313702164,2.19107356764116,2.08048217906804,1.6247656367922,2.08480855442002,"Chromosome",0.0427637810942968,5.57885292002714
"BB_0155_-_lipoprotein",2.33019860222726,2.36205815182352,2.29565285091289,2.3830537859702,2.41145471005417,2.34087819231944,2.20855690209822,1.64278492915391,2.2329376925857,"Chromosome",0.0410933260404598,5.69355668225851
"BB_0158_-_S2_lipoprotein",2.86147586377775,2.88697213032251,2.83445058821795,2.84297037749863,2.92124415413258,2.92208054241594,2.6211149775096,2.53831604635209,2.81548344173032,"Chromosome",0.0241776734184354,7.37488008413637
"BB_0159_-_hypothetical_protein",2.59712781990735,2.72246115741499,2.5871157871544,2.73917900726147,2.82241655029896,2.72591979564844,2.21182776362074,1.92314398463426,2.53661146366112,"Chromosome",0.00865857091988843,11.6096288110744
"BB_0160_alr_alanine_racemase",2.07641468292376,2.17983318714609,2.07669140566548,2.04702941191391,2.11393667080187,2.12185518216685,1.9419762863213,1.83698075850629,2.02490416200325,"Chromosome",0.0381505376213815,5.91157296352104
"BB_0166_malQ_4-alpha-glucanotransferase",1.79429351166702,1.72711977065355,1.77687762566549,1.8242130747196,1.82466332312914,1.77757252948133,2.03996902686746,2.10216604841993,1.85121858754502,"Chromosome",0.0367694836768256,6.02177678278783
"BB_0174_-_hypothetical_protein",3.00724407983963,3.0539615073145,3.05955963153357,3.05863476970587,3.07288194086798,2.94827062297878,2.63682276573202,2.56367564370709,2.98663649987966,"Chromosome",0.0478568531781062,5.26304038433423
"BB_0176_-_ATPase",2.9505595616118,2.92637486313188,2.99415431671742,2.88893954608297,2.91297570318134,2.92949811337057,2.79821475138221,2.81105058708377,2.91589506006601,"Chromosome",0.0469289262626198,5.3171470911449
"BB_0179_trmE_tRNA_modification_GTPase",2.89593058328086,2.88411536201167,2.90195608516258,2.86003599203946,3.01358710526454,3.01826765251819,3.33935403711374,3.35335642054346,3.02807486493773,"Chromosome",0.0357681735580848,6.10518973257192
"BB_0183_-_flagellar_assembly_protein_FliW",2.87993554470406,2.92137117248432,2.89474017896383,2.82598923177623,2.7598807855969,2.78097294018257,2.79740327993233,2.75384570081309,2.77224100261503,"Chromosome",0.00168133892231189,22.229162407034
"BB_0184_csrA_carbon_storage_regulator",2.76142939117421,2.86040688919827,2.77948249203112,2.74056005122539,2.61673800678378,2.61094746879606,2.62531862572084,2.22586471992069,2.50609895992844,"Chromosome",0.0177409567068248,8.50258830525356
"BB_0196_prfA_peptide_chain_release_factor_1",2.41025745566008,2.44284962415839,2.37548254399333,2.37347842453988,2.30741901334261,2.31482330165053,1.98319628964908,1.68368809531549,2.22246674505019,"Chromosome",0.00636891251250147,13.1845077030258
"BB_0197_-_release_factor_glutamine_methyltransferase",2.52756159399383,2.61655637860903,2.68472959417437,2.60145155304705,2.52627981633686,2.60245827383094,2.32405804615135,2.23677147550751,2.51497254250406,"Chromosome",0.0391020895613763,5.83869062190924
"BB_0198_-_guanosine-3',5'-bis(diphosphate)_3'-pyrophosphohydrolase",2.56876125122725,2.66944612671348,2.63851820895504,2.62684008310847,2.49734023564799,2.47672876473633,2.33374744859146,1.87630965644739,2.46706767582288,"Chromosome",0.0326996952914306,6.3815231116529
"BB_0199_-_hypothetical_protein",2.08863568304586,2.27509703436396,2.13848585284874,2.14832187657712,2.09596744045305,2.05231679983583,1.62055868753768,0.998324303321329,1.97849641861223,"Chromosome",0.0220781558436137,7.69383937398103
"BB_0203_hflK_protein_HflK",2.45376769404011,2.54583883251026,2.48373987938887,2.51510387775073,2.35469031124509,2.37564532749246,2.32324384746654,1.96756903524673,2.29395005706254,"Chromosome",0.0374184066720091,5.9693194313085
"BB_0204_hflC_protein_HflC",2.74498183011668,2.76527654444734,2.80602930195179,2.72510188194251,2.5475568883858,2.5715131805784,2.64045957262463,2.33548598348924,2.57961556072135,"Chromosome",0.0373734258843539,5.97291633022004
"BB_0205_-_hypothetical_protein",2.35311187830848,2.40802276376599,2.32946703550512,2.35110606503382,2.34297506780924,2.35230217388345,2.13622893391948,2.07740788034224,2.26230630077029,"Chromosome",0.0069246180811351,12.739441324936
"BB_0208_-_hypothetical_protein",2.04267787260247,2.23472982320115,2.12540969067476,2.10247143894967,2.1596092973058,2.04768365180377,1.65640775417822,1.17858273966848,1.93314244871649,"Chromosome",0.0169252605585015,8.68448208337592
"BB_0211_-_DNA_mismatch_repair_protein",2.52891798517067,2.63155841574027,2.60608349176491,2.54324209993876,2.37097360090012,2.31629961303866,2.38510914199154,1.80789611351571,2.31066145583404,"Chromosome",0.0310495874673664,6.5448544437964
"BB_0218_pstB_phosphate_ABC_transporter_ATP-binding_protein",2.45334127753013,2.5232416637884,2.39422922305817,2.37788516725118,2.3569451287305,2.36529513030304,1.93756151987202,1.67578933633192,2.26016921253689,"Chromosome",0.00820738412843238,11.8725807193204
"BB_0220_-_alanine--tRNA_ligase",3.01833843571747,3.00755149056342,3.01261791387391,3.00313727606042,2.94158149050969,2.98889279831531,3.1090687025567,3.25486697430971,3.0827530662197,"Chromosome",0.0434041845923506,5.53645170108089
"BB_0221_-_flagellar_motor_switch_protein",2.52993058286022,2.49181956301855,2.55644965340892,2.37883923963238,2.48993880220643,2.51155985816866,2.27328607583844,2.1781708854488,2.44089964077821,"Chromosome",0.0385193196609912,5.88304206648729
"BB_0225_-_tRNA-dihydrouridine_synthase_A",2.05069289225923,2.12310976823084,2.07590446848314,2.0461477459064,2.12949009656119,2.00466952976879,1.92796749226759,1.66588573441236,1.91877240894539,"Chromosome",0.0218971626145906,7.7232222394137
"BB_0228_-_hypothetical_protein",2.7251697595588,2.8007411287349,2.72322163180632,2.68744512626254,2.70711264863818,2.69334435514633,2.53672253448242,2.22507397514688,2.56701695045847,"Chromosome",0.00904576542139196,11.398131895285
"BB_0229_rpmE_50S_ribosomal_protein_L31",3.27444651293792,3.31376812245877,3.29459627457883,3.33412388380103,3.37046312528013,3.39722196091705,3.48448063908192,3.45119367192212,3.35003469634006,"Chromosome",0.0407079741398161,5.72090237239021
"BB_0237_lnt_apolipoprotein_N-acyltransferase",2.10618749635361,2.10417630202495,2.0355538045993,2.06864589592285,2.11310067214163,2.04384935786231,1.72139260138744,1.26603638494535,1.91004994544222,"Chromosome",0.00800664334542646,11.9958502062727
"BB_0247_rdgB_non-canonical_purine_NTP_pyrophosphatase",1.88729258322613,1.94847165025702,1.96732187832863,1.90985543944394,2.02455954894455,2.02477291307963,1.71448986583954,1.07785462374883,1.77199586365506,"Chromosome",0.0161786277317816,8.86152952020144
"BB_0248_pepF_oligoendopeptidase_F",2.65783095993287,2.7766329115968,2.69986113032843,2.71078818307147,2.67078467486605,2.59276726283198,2.44149718418824,1.79078674132289,2.56901321350907,"Chromosome",0.0397693379640781,5.78897982567635
"BB_0249_-_phosphatidylcholine_synthase",2.51042033371108,2.68774649985136,2.56649288036076,2.54135455075442,2.533831772947,2.52746233655375,2.32699090552036,1.94179954162426,2.44629789748973,"Chromosome",0.0389894488906737,5.84719410890937
"BB_0250_-_inner_membrane_protein",2.17441163859854,2.25033459892982,2.17708321206976,2.26484850577491,2.28542452511266,2.222110116231,2.06328080501371,1.71463483247627,2.09029333131011,"Chromosome",0.0167504380045973,8.72499138029928
"BB_0251_leuS_leucine--tRNA_ligase",2.89014034146821,2.9424163460193,2.99468572852009,2.84450326990916,2.74232992419066,2.6902368486173,2.31071454871812,2.18622153627083,2.76760700099454,"Chromosome",0.0149292965908257,9.18357682281674
"BB_0252_-_hypothetical_protein",2.51414248773829,2.6794487931242,2.60420876738796,2.52232944982731,2.46683500998783,2.32611251058835,1.9293029280511,1.46170707011537,2.3466658667422,"Chromosome",0.0127581480838478,9.83882783560248
"BB_0255_-_M23_peptidase_domain-containing_protein",2.45044003271408,2.5723533911765,2.53343521615221,2.25596922985587,2.36410615511735,2.3415947585825,2.27781084513964,1.68230666525315,2.2590871453636,"Chromosome",0.0144715431952053,9.31070637436075
"BB_0259_-_transglycosylase_SLT_domain-containing_protein",2.90415487333122,2.92535696283938,2.92080242417285,2.89246248356878,2.94050901420635,2.89654936454813,2.75245871990428,2.78045989289089,2.84750911424967,"Chromosome",0.00537154779804523,14.1298978509146
"BB_0260_-_hypothetical_protein",3.39399788628008,3.40156423205509,3.40258461802784,3.46792760509428,3.51638595618183,3.41789000872966,3.5574867498834,3.58327474051035,3.4682306165534,"Chromosome",0.0342665799478645,6.23629228358431
"BB_0262_-_M23_peptidase_domain-containing_protein",1.83591305079369,1.97599992593793,1.8636796678759,1.99313101486466,2.12235351961565,2.07985026780203,1.85638083214124,1.77024947031573,1.87628251793224,"Chromosome",0.0113325830920751,10.3560576212181
"BB_0270_-_flagellar_biosynthesis_regulator_FlhF",2.78711460157981,2.76995378684525,2.79178745993902,2.7520138566159,2.80542541077977,2.82065128956113,2.52979724492213,2.39377870370513,2.71154994932078,"Chromosome",0.0170254925829074,8.66150741550325
"BB_0279_fliL_flagellar_basal_body-associated_protein_FliL",2.91691589739298,2.86586169924427,2.88899058020411,2.84176041322217,2.87963883833353,2.88560939816646,2.74588092460528,2.71050746228963,2.84679776430419,"Chromosome",0.0313780742619259,6.5114302156888
"BB_0286_-_flagellar_protein",3.02864037646272,3.13052996093928,3.05857025915984,3.06152787089051,3.15196097095882,3.06810419185728,2.83260150974569,2.76028674518741,2.98635021935664,"Chromosome",0.019910426389511,8.06864353258851
"BB_0306_-_rRNA_small_subunit_methyltransferase_H",2.69605481202456,2.74994568467469,2.7240857217167,2.64707278876246,2.73487500481567,2.66634198075381,2.29105345059202,2.21506094101993,2.64354742131045,"Chromosome",0.0299810734986972,6.65692507110424
"BB_0315_-_hypothetical_protein",1.93651122919337,1.99152421841981,1.92011497439346,1.99153307539973,1.99482067746147,1.94358650932131,1.71870591702111,1.02812045862038,1.77978690423215,"Chromosome",0.0130473577608768,9.74325570554954
"BB_0316_-_integral_membrane_protein",2.74537775469531,2.82933465489617,2.76884003452156,2.84390706202002,2.84288620120686,2.63929619472616,2.48157304059603,2.27270237462768,2.59593140047259,"Chromosome",0.0209470386594305,7.88296025985343
"BB_0317_-_integral_membrane_protein",2.80274431537852,2.92122488990886,2.89009056101267,3.01076199689175,2.96173424273466,2.7593482374356,2.2963777589183,2.14086300124403,2.7616309440197,"Chromosome",0.0370176795458053,6.00156850334273
"BB_0318_-_ABC_transporter_ATP-binding_protein",2.95020025868855,3.00987138838856,2.98278439249407,2.98172576057431,2.94835818644338,2.9203623312734,2.51912546953488,2.36227696563808,2.92495037269697,"Chromosome",0.0434554536476194,5.53309325768886
"BB_0328_-_family_5_extracellular_solute-binding_protein",3.23243192317974,3.28443975805168,3.29372045150742,3.25115377891996,3.08157411881935,3.11827134133966,2.9446894063326,2.58091015697592,3.10274576414021,"Chromosome",0.022345209278934,7.65106690075961
"BB_0331_-_hypothetical_protein",0.872790054899539,1.32555260555691,0.951007543411084,1.66040059107428,1.85569295981993,1.6642921430348,1.79089921769846,1.41784023038548,1.52410779509989,"Chromosome",0.0313502708886304,6.51424116116601
"BB_0337_eno_enolase",3.06841964968377,3.11076810472105,3.10401226901257,2.96285923895408,2.83835598107306,2.90005727604653,2.83677779868998,2.77327581233122,2.92060433327273,"Chromosome",0.00146406560320775,23.4200970693238
"BB_0340_-_hypothetical_protein",2.78314432924146,2.86992837937869,2.77489708071941,2.80660320481223,2.79355991007554,2.76182488790771,2.42154799140275,2.38837477066873,2.7574544875771,"Chromosome",0.0460572521207817,5.36928929876291
"BB_0341_-_aspartyl/glutamyl-tRNA(Asn/Gln)_amidotransferase_subunit_B",2.79951216526506,2.75654102461506,2.75565155567345,2.68117880305624,2.65905245464321,2.75732237470724,2.46488133856627,2.5781611083812,2.69902732742439,"Chromosome",0.0409901903979882,5.70084187741856
"BB_0344_-_DNA_helicase",2.67337023073971,2.68025753287446,2.67870316525679,2.55438011841261,2.59950644751745,2.64963369848636,2.47924698211404,2.51199826677799,2.62598703857464,"Chromosome",0.0376193215468334,5.9533233305845
"BB_0355_-_transcription_factor",3.60864689182419,3.57701128253545,3.62421710153702,3.58354788348498,3.64631842750853,3.66790475764576,3.69627861072505,3.68367280019914,3.66637662465032,"Chromosome",0.0410144751883686,5.69912427375717
"BB_0361_-_ATP-binding_protein",2.34027155261692,2.39797648787641,2.37241669853476,2.20449168819232,2.37841243775863,2.31120906250405,2.1931858406939,1.84940405657764,2.18840251446524,"Chromosome",0.0309752433003428,6.55248459422677
"BB_0363_-_hypothetical_protein",2.42373070195736,2.56363057087986,2.46925780290438,2.43342738211534,2.3454423495481,2.34378068677127,1.99927934215843,1.31357196843982,2.21869826950009,"Chromosome",0.00785592020675515,12.0911464440659
"BB_0367_-_hypothetical_protein",3.16593544109963,3.02150353184345,3.19867907599176,3.12495719373157,3.02903864029041,3.05389629879663,2.71158285588316,2.53230074381163,2.99071126467175,"Chromosome",0.0291026367369906,6.75312540951492
"BB_0374_-_hypothetical_protein",2.79421748686298,2.89244690643149,2.84218909365046,2.83755182465737,2.84636989950685,2.87918020590833,2.600903228829,2.25893883790016,2.68305334537432,"Chromosome",0.00823877173577176,11.8536697775997
"BB_0375_pfs_nucleosidase",2.89511080302434,3.06840480974624,2.96319215234488,2.95700786322027,2.851831728111,2.95979478822299,2.64400506347323,1.94721553950094,2.82500655158396,"Chromosome",0.0404578378732355,5.73883819414574
"BB_0376_metK_S-adenosylmethionine_synthetase",2.94554046919867,3.01210716535376,2.92463949765414,2.87573765672512,2.8131551579359,2.80895869324732,2.51654991623771,2.1423425297409,2.67958414183096,"Chromosome",0.00233914026829779,19.5996909170018
"BB_0382_bmpB_basic_membrane_protein_B",2.90372630488939,2.86619042446879,2.90594853097605,2.88635364697121,2.93420040277999,3.04527211249024,3.08933980777103,3.13991370269771,3.02202812446476,"Chromosome",0.0221372916429513,7.68430865855489
"BB_0385_bmpD_basic_membrane_protein_D",3.046050106441,3.01554416564537,3.11744033923016,3.11943735741227,3.1572814433972,3.11726798041806,3.32475765505957,3.28993660565272,3.1755900836865,"Chromosome",0.0146311193634633,9.26578657245509
"BB_0399_-_hypothetical_protein",1.59934368833142,1.71961381799902,1.55533028265138,1.80722373980323,1.68029471139004,1.71250996425741,1.06201759885711,0.339278484125377,1.54804897476926,"Chromosome",0.0212396467863384,7.83275259698655
"BB_0404_-_hypothetical_protein",2.17332906660858,2.08348470302167,1.9804042835817,1.9748555840963,2.06087152341208,2.13911367637415,1.35135367288208,1.49154377915017,1.89503062015354,"Chromosome",0.0200200397197837,8.04840561184172
"BB_0406_-_hypothetical_protein",2.42305080733047,2.45493932783125,2.39186449078918,2.31726081952301,2.3208750397123,2.36061802415068,1.90160324367791,1.68924757398326,2.31812596907318,"Chromosome",0.0254756611605475,7.19559948643243
"BB_0409_-_hypothetical_protein",2.03847312062996,2.22534030165244,2.03439580817326,1.91700528403885,2.03634938803184,2.01253775343656,1.87568908872461,1.39042990189941,1.77036886641987,"Chromosome",0.0321269660849108,6.43694338898928
"BB_0415_-_chemotaxis_protein_CheB",2.0265250933367,2.05790562237062,1.97767194403056,2.00833610857892,2.01342291632232,1.98690603138072,1.89210907893194,1.59197900287089,1.70588251990541,"Chromosome",0.00628631191635511,13.2550862913787
"BB_0417_-_adenylate_kinase",2.31224084514421,2.443034433656,2.3597368540539,2.34993575694291,2.31122603152365,2.38686087541134,2.18549399167377,1.99158709906608,2.23512931862787,"Chromosome",0.0224462299799638,7.6350642659619
"BB_0418_-_hypothetical_protein",2.38661666391589,2.54393525402397,2.45796057710832,2.43711291836921,2.32081487562244,2.39630921493376,2.16062457297262,1.99026424564618,2.29711679710915,"Chromosome",0.0215649946619449,7.77799893616134
"BB_0422_-_3-methyladenine_DNA_glycosylase",2.69579152610659,2.70583464435765,2.68010243693261,2.84020900754417,2.83782698217953,2.79438067969639,2.46588675704391,2.28150605887717,2.66790475764576,"Chromosome",0.00629103669438344,13.2510159018607
"BB_0429_-_hypothetical_protein",2.44163230368431,2.46639601405985,2.46443738127133,2.39282528853567,2.65970422784602,2.64235469613509,2.15768941753509,2.00989261459159,2.39559544995053,"Chromosome",0.0443795361762696,5.47345124749341
"BB_0437_dnaA_chromosomal_replication_initiation_protein",2.52420782209603,2.5846782950386,2.5628184590538,2.58639374172218,2.47268771714247,2.41240510204207,2.00952313055617,1.60224344199534,2.35998148694357,"Chromosome",0.0122208684798291,10.0242852097312
"BB_0441_rnpA_ribonuclease_P_protein_component",3.62704616377067,3.56368987625969,3.55976063927186,3.58544268053161,3.66932339028472,3.6466879343361,3.25780812406459,3.25177444832947,3.57682836235971,"Chromosome",0.0477734229742508,5.26784770313732
"BB_0442_-_membrane_protein_insertase_YidC",3.57727919627483,3.58250084766003,3.55249422016695,3.59880363385385,3.70564394471627,3.55721958208423,3.12700107386422,3.01830096369611,3.52305546717401,"Chromosome",0.0348571488999722,6.18383278126195
"BB_0447_-_Na+/H+_antiporter",2.62141102825577,2.71574853848371,2.63751574637498,2.54032572006731,2.60162004540481,2.59063232462733,2.37181014833441,2.04932270604378,2.55984680073932,"Chromosome",0.0401015814721347,5.76464011100813
"BB_0450_rpoN_RNA_polymerase_sigma-54_factor",2.47838465984244,2.59962984167826,2.5474620977268,2.41854654870899,2.45262811998651,2.44022563223675,2.21082931141594,1.69050706531779,1.09031096942492,"Chromosome",0.00189978894198622,21.2225281652801
"BB_0453_-_small_conductance_mechanosensitive_ion_channel",2.88240043608751,2.93149448413705,2.84126559262578,3.02140432500181,3.19463642668415,3.05780678949028,3.05263239007256,2.97539182400209,2.98523061566061,"Chromosome",0.0410699448508987,5.69520612149778
"BB_0461_-_DNA_polymerase_III_subunits_gamma_and_tau",3.01011754858542,2.98664097851365,2.95419135618793,2.94904292037273,2.97193792130269,2.92348079485913,2.72757704011842,2.66238002001625,2.9126465751658,"Chromosome",0.0218074994684404,7.73789858377417
"BB_0475_-_lipoprotein",1.30766501618839,1.44047929558301,1.34682613671362,1.51978206897039,1.43518797090383,1.38779367477192,1.24483108053772,0.955401492962842,1.30923827407158,"Chromosome",0.0476085003034135,5.27738370351915
"BB_0478_rplC_50S_ribosomal_protein_L3",3.81741198430325,3.68701588757026,3.7651982490535,3.66183350089594,3.57296216754182,3.81421428966327,3.94222489795022,4.02588726664348,3.87583824459422,"Chromosome",0.0213943672976419,7.80657583729205
"BB_0493_-_50S_ribosomal_protein_L6",3.57423620636146,3.53449316583901,3.57619156766183,3.47945437608169,3.38240971229481,3.54461367166217,3.69322995133078,3.81859864603763,3.64396563055161,"Chromosome",0.0205839890072803,7.94657039590303
"BB_0495_rpsE_30S_ribosomal_protein_S5",3.12545198643396,3.01822184547627,3.11083540433175,3.0001259271412,2.96879991452851,3.27076265969738,3.50132496366594,3.5791385333519,3.32281449055376,"Chromosome",0.0147211849098389,9.24072098612235
"BB_0507_-_hypothetical_protein",2.63472105152926,2.62680829081798,2.58526102094003,2.58231795310184,2.51550824695425,2.42775380904548,2.18344352674127,1.74345959062655,2.37441654291631,"Chromosome",0.00599577165710281,13.5135163121527
"BB_0508_engA_GTPase_Der",3.25857742544579,3.17787399304343,3.21656701038159,3.27412550698099,3.30335375762681,3.25772176222827,3.46944055266446,3.55591628955295,3.317693609729,"Chromosome",0.0360006292938076,6.08555002483611
"BB_0518_dnaK_chaperone_protein_DnaK",2.80176581413148,2.83383849889509,2.88606298834631,2.70089919217667,2.66192526580983,2.76325124467412,2.76506474149764,2.62029537120585,2.70824323650686,"Chromosome",0.0284971397517898,6.82171883121311
"BB_0526_-_hypothetical_protein",2.83424517000322,2.84535419819934,2.78683231260361,2.94294907955372,2.95866993559122,2.90836007422305,2.96947741751746,2.93959861642712,2.86742741542044,"Chromosome",0.0234642217655955,7.4789846257992
"BB_0534_xth_exodeoxyribonuclease_III",2.45481438213335,2.40363518979055,2.46038359823759,2.47102753273055,2.38162401749914,2.45805890753523,2.72838787482927,2.77906231251487,2.51457697026644,"Chromosome",0.0341824898840876,6.24385994363736
"BB_0538_-_hypothetical_protein",2.95449914988903,2.94676951815224,2.92338496007667,2.79340130044232,2.94568666240553,2.87975170228881,2.52816052413665,2.36798360986855,2.76329693666227,"Chromosome",0.00823481297117322,11.8560496236685
"BB_0539_-_hypothetical_protein",3.46505403151798,3.5264633438046,3.43158728786054,3.48143832853565,3.48666987702786,3.51108352305541,3.28776367152974,3.23181097887285,3.41073675355845,"Chromosome",0.0161314512611402,8.87308129096284
"BB_0547_coaE_dephospho-CoA_kinase",2.39959239179197,2.39105160950744,2.32275459456119,2.27327913162658,2.2881418686626,2.21335835362439,1.75785513597152,1.59741324169419,2.26068421739052,"Chromosome",0.028093259453805,6.8685620923848
"BB_0548_polA_DNA_polymerase_I",2.5788706192427,2.70106346154336,2.65823946067889,2.60479609544314,2.54136703675979,2.49137570310773,2.01990934817034,1.62699900966026,2.44554037753088,"Chromosome",0.011343451773266,10.3517905744024
"BB_0549_-_hypothetical_protein",2.47408216588441,2.56895931759063,2.51711008661173,2.59261083487519,2.63499187114836,2.58563666773427,2.27678797698308,1.69911069295783,2.3875784542835,"Chromosome",0.00865672213302522,11.6106687800456
"BB_0555_-_hypothetical_protein",2.8350516571632,2.8311669152012,2.76895168623622,2.74547063146004,2.7550038700631,2.58763015852842,1.84523451112138,1.90509721052915,2.69241417110698,"Chromosome",0.0346776374425234,6.199652454253
"BB_0560_-_chaperone_protein_HtpG",3.1683147703454,3.14018424412825,3.20530723948277,3.15723608927104,3.037055794941,3.04168474867206,3.07085394262769,2.8662518850263,2.9960144882402,"Chromosome",0.0368707976577466,6.01350582351781
"BB_0571_-_uridylate_kinase",2.45838550728285,2.48760778218896,2.4790524602803,2.41283671702004,2.4990323989879,2.43471896516961,2.13681565772685,1.92844706320918,2.38115480645465,"Chromosome",0.0217343873679527,7.74992548000964
"BB_0577_-_hypothetical_protein",2.88383114584642,2.93293217010804,2.91384880638657,2.9218216838538,3.0356978372619,3.03561382401397,3.08847630047385,3.17682026159446,3.03908480309995,"Chromosome",0.025077675778187,7.24925174001661
"BB_0586_-_FemA_protein",2.40565365609931,2.55193769536484,2.43131550653552,2.52138916936254,2.4186889995398,2.32707885188405,1.69037950854737,1.38369331567186,2.2506663579431,"Chromosome",0.0164704179638786,8.79106539326634
"BB_0587_metG_methionine--tRNA_ligase",2.51516754115221,2.52599791188576,2.50855530455918,2.49756541008624,2.46395566614072,2.45765939623217,2.17724494864973,1.98733595043162,2.43244654096138,"Chromosome",0.0233715030449329,7.49282364504255
"BB_0590_ksgA_rRNA_small_subunit_methyltransferase_A",2.46969391702052,2.60497515881949,2.48182515512561,2.6618590456545,2.61244264265673,2.61744699408833,2.40872149370429,1.7103670338244,2.30907203857885,"Chromosome",0.0130821391136497,9.73195222652881
"BB_0594_argS_arginine--tRNA_ligase",2.78391643648484,2.79389999181278,2.78652002063756,2.74697574072783,2.61507321720637,2.64272363462401,2.62338059292626,2.46689133544623,2.65172952302759,"Chromosome",0.0150883174890555,9.14062328333619
"BB_0599_cysS_cysteine--tRNA_ligase",2.74796073846357,2.72818571407,2.78042821232467,2.73834208018484,2.70565164273613,2.76365780930835,3.05898751084059,3.16061557208181,2.82169231873713,"Chromosome",0.0471391462963018,5.30476505047343
"BB_0603_p66_integral_outer_membrane_protein_p66",3.12734780563511,3.23306721711745,3.20091066066557,3.23424386527155,3.10596978271246,3.08894011823686,2.84390955051057,2.26406659950836,3.04505292800315,"Chromosome",0.0338136459363971,6.27734957022516
"BB_0604_-_L-lactate_permease",2.3010755941907,2.36748264942179,2.3298817412712,2.3512492305361,2.34198421694647,2.34032313012048,2.16417136606377,1.89581025425946,2.18700998361567,"Chromosome",0.00678528275213336,12.8464482992771
"BB_0613_lon_ATP-dependent_protease_La",3.12878363015541,3.06936465065724,3.11025628657604,3.05462837331606,3.00650027100728,3.01049924528946,2.72265037277081,2.83102082358729,3.04340157891088,"Chromosome",0.0432600042158774,5.54592483923378
"BB_0620_-_beta-glucosidase",1.82964592640654,2.00008554758677,1.84951093156206,1.99305776648734,1.92557042502613,1.93690714362014,1.39144501538769,0.86688548523207,1.75135686961388,"Chromosome",0.0142604318927089,9.37115823356842
"BB_0622_ackA_acetate_kinase",2.04795985004056,2.14936385336057,2.10580982972327,2.14986545302626,2.09831831563788,2.12303125821966,1.99829770812868,1.65861517106749,1.9727890641979,"Chromosome",0.0304853144908808,6.60338547363659
"BB_0623_mfd_transcription-repair_coupling_factor",1.78145018454453,1.79886187246649,1.80401260255611,1.82962599628057,1.75480456395998,1.73797462283555,1.60271961775128,1.29990153667382,1.62253314841051,"Chromosome",0.00958172957397595,11.1245065664366
"BB_0632_recD_exodeoxyribonuclease_V_subunit_alpha",1.86099224990135,1.96098800763177,1.8690526830797,1.91794116088858,1.69544052163575,1.72904728741819,1.1782774865886,0.576188110531706,1.61290141809322,"Chromosome",0.0110937001933008,10.4512438677622
"BB_0633_recB_exodeoxyribonuclease_V_subunit_beta",1.9639751944321,2.06607981756693,2.00312175371666,1.88372841920186,1.86615082507941,1.87231771867126,1.48279929004051,0.975455705537561,1.76563950149771,"Chromosome",0.00468704039166545,14.926204892182
"BB_0635_pncB_nicotinate_phosphoribosyltransferase",2.21603123691991,2.33059435359978,2.21713900376712,2.23660779082807,2.20624823105768,2.22157331959428,1.98514433805928,1.63710129258399,2.09225031367893,"Chromosome",0.0156415226770285,8.99577317410588
"BB_0639_-_spermidine/putrescine_ABC_transporter_substrate-binding_protein",2.58966593338701,2.61505108924254,2.61906931848918,2.50958421100295,2.41488815108171,2.34688866505206,1.82232633255649,1.61579439281194,2.29493994391899,"Chromosome",0.00190165873522476,21.2145866822786
"BB_0640_-_spermidine/putrescine_ABC_transporter_permease",2.37957380890641,2.51305370957354,2.41301964604709,2.31428444856546,2.38422613627205,2.28371948805965,1.66406347114927,1.15588235808182,2.16146383596006,"Chromosome",0.00577638057068021,13.7199890446201
"BB_0641_-_spermidine/putrescine_transport_system_permease",2.5727426881829,2.76228534551114,2.60041306794154,2.54618224695311,2.64112097876546,2.5538915183524,1.81028696946226,1.36830362398141,2.40924311185958,"Chromosome",0.0143199348955053,9.35399933307527
"BB_0642_-_spermidine/putrescine_ABC_transporter_ATP-binding_protein",2.86231865825073,2.93099179663102,2.92362217729842,2.79110160179639,2.8953059449737,2.82374150537387,2.2454287619117,2.02883955402936,2.76619564556654,"Chromosome",0.0179387878404417,8.46014792740347
"BB_0660_era_GTPase_Era",2.57047872492905,2.56347633898069,2.62117628177504,2.5664398492822,2.53741104427119,2.527328238535,2.41645909743002,2.29834865280406,2.4931805157798,"Chromosome",0.0145719274602228,9.2823722163815
"BB_0666_-_N-acetylmuramoyl-L-alanine_amidase_domain-containing_protein",2.88259055935823,2.91007986171156,2.88907188592033,2.9530780054885,2.98487730813885,2.94869751149336,2.93280088437104,2.95111497087585,2.92750997191998,"Chromosome",0.0062506277305466,13.2859604807624
"BB_0668_-_flagellar_filament_outer_layer_protein",3.35604690179029,3.38531307055145,3.34373345453785,3.28181030910828,3.28955996888417,3.33486573331433,3.20397881400816,3.15055996541156,3.30712790828509,"Chromosome",0.0299280565395573,6.66262405768486
"BB_0678_-_sugar_ABC_transporter_permease",3.08556883721648,3.15494712426336,3.14953932525899,3.21965524392444,3.29077339682086,3.1937394134792,3.09148757627491,3.00072900253878,3.14934845770594,"Chromosome",0.0322935619559573,6.42068765089984
"BB_0680_-_methyl-accepting_chemotaxis_protein",2.71995244725444,2.67880508262702,2.72934867771063,2.65922096277598,2.65249291930427,2.5758895411691,2.30039981167133,2.30543306072497,2.65111512302346,"Chromosome",0.0487651266142107,5.21141753988436
"BB_0681_-_methyl-accepting_chemotaxis_protein",2.6322112235151,2.55874216107248,2.61589326367739,2.52345120224954,2.4872727454887,2.49009057480713,2.1812088257688,2.17848197228109,2.51817295068185,"Chromosome",0.0286741822211877,6.80146306700533
"BB_0689_-_hypothetical_protein",1.80063254755441,2.02323187646909,1.77308325479403,1.99576941033241,1.99806569410422,2.11539747209832,1.56941839032985,1.22722061851301,1.85100932261233,"Chromosome",0.0366565304620166,6.0310338308465
"BB_0690_napA_neutrophil_activating_protein_A_(napA)",3.35533272903446,3.36752364186902,3.36136325331255,3.36501037282372,3.4504431114521,3.45986573144518,3.4731481612352,3.46829414823989,3.44633364093225,"Chromosome",0.0210041652389995,7.87308490457906
"BB_0697_rimM_ribosome_maturation_factor_RimM",3.63499992267809,3.57842258165631,3.60934037404137,3.58224181900023,3.58310237937885,3.69330123724693,3.74900775925604,3.80089021182046,3.76151814611717,"Chromosome",0.00436199624387011,15.3608518180858
"BB_0698_trmD_tRNA_(guanine-N(1)-)-methyltransferase",3.29379552821831,3.31348546379024,3.30834240780497,3.25648923639311,3.38001757558047,3.54580422894781,3.81162593865642,3.73421317597524,3.49545136360068,"Chromosome",0.0349256868219735,6.17782141772258
"BB_0705_rnc_ribonuclease_III",3.33036303504878,3.23707601661774,3.28694124359525,3.22726179630793,3.17980161096549,3.30882043310996,3.46113821607493,3.64086487787845,3.39186625243638,"Chromosome",0.0461681576402885,5.36258233403494
"BB_0706_-_polynucleotide_adenylyltransferase",1.84818357277113,1.98851570363163,1.92932796981649,1.95403592916162,2.00445465163648,2.00324850329162,1.8490187198103,1.03412971417956,1.74081490985694,"Chromosome",0.0438015186216745,5.51056119264324
"BB_0707_-_hypothetical_protein",2.62388991904724,2.54782268428081,2.63261518874415,2.73897071880934,2.72280497454895,2.64758344268654,2.71282304815777,2.82745069563605,2.71784518403851,"Chromosome",0.048480466387217,5.22745770408686
"BB_0709_-_hypothetical_protein",2.87359028063814,2.99238294754502,2.90156456614584,2.96822276092392,3.06005536482484,2.91907599938558,2.5759379717686,2.61167658432729,2.88789623931703,"Chromosome",0.0460585587442001,5.36921015594196
"BB_0713_-_hypothetical_protein",3.20131244229811,3.18286526305254,3.22272687328605,3.04892322281048,3.02353229386525,3.05009348391149,2.4194385807116,2.44231981890159,3.07942004234971,"Chromosome",0.0212500585587998,7.83098308686809
"BB_0714_-_hypothetical_protein",3.03963220319163,2.97676710489201,2.99723168859311,3.02593227231299,3.05533245277413,3.16293760795692,3.18241179897918,3.33075660887093,3.2379607420677,"Chromosome",0.0122157426447834,10.0261066572394
"BB_0715_-_cell_division_protein_FtsA",3.3026966558421,3.21203304267079,3.30916155790464,3.27573967786337,3.30428367162197,3.42657631933517,3.54079105841257,3.62976423004712,3.46618822617478,"Chromosome",0.0112679943203515,10.381528239028
"BB_0724_-_potassium_transporter",2.88449572764671,2.89772548357713,2.82098786474242,3.0099180846659,3.04853113938007,2.92117906886234,2.84661974461373,2.81488325183387,2.84230150535046,"Chromosome",0.0147700475508685,9.22720772031625
"BB_0725_-_lectin",3.12954811121595,3.13413884206003,3.1368378425311,3.09872331034207,3.18326130010076,3.22319471183382,3.29614064947154,3.42084489367183,3.24152655837439,"Chromosome",0.0399854254099717,5.77311888250453
"BB_0727_-_phosphofructokinase",2.82477841289549,2.86142985696197,2.81266941508994,2.86164192575698,2.87426200559459,2.94570093452625,3.04828639310613,3.08636695019806,2.91497113387487,"Chromosome",0.0321078432814178,6.43881650347992
"BB_0728_cdr_CoA-disulfide_reductase",2.46340319884589,2.57198236281868,2.53390037103306,2.45408532375714,2.29111121699494,2.37399087730216,2.37717871299024,2.20140258710977,2.39726024038487,"Chromosome",0.0385753111636065,5.8787421166277
"BB_0729_-_dicarboxylate/amino_acid:cation_symporter",2.24270537581485,2.38705151447249,2.32170404002968,2.13872573178028,2.17843877909956,2.15469475209486,2.11053920800465,1.73250392796708,2.08974266198624,"Chromosome",0.0159978067596177,8.90605193199365
"BB_0730_pgi_glucose-6-phosphate_isomerase",2.56738518757979,2.6387617286904,2.56375510282511,2.48198551547588,2.49218047723112,2.54187117140945,2.34544627030574,1.95760585058204,2.43033955261165,"Chromosome",0.0183390372876649,8.37616136154025
"BB_0738_valS_valine--tRNA_ligase",2.81023655167123,2.80994939480501,2.81975774003617,2.81115726573303,2.8429098969241,2.86349475911704,3.18689138409972,3.27916255945924,2.9131709386887,"Chromosome",0.0437729622307752,5.51241148309535
"BB_0739_-_hypothetical_protein",2.78414994292823,2.87006371129892,2.69545628353016,2.75450275805189,2.86866383135548,2.78731450437316,2.01730468856216,1.4710187240181,2.63259393678153,"Chromosome",0.0175177827371728,8.55122941924948
"BB_0751_-_hypothetical_protein",2.30890573943157,2.51367829394766,2.40395055171271,2.30010396184102,2.31772077540214,2.35257610004476,2.08079238169615,1.48653673693478,2.25735453271105,"Chromosome",0.0447133534807573,5.4523117525029
"BB_0752_-_hypothetical_protein",2.66044520385273,2.80340931331061,2.7861577646419,2.60631363569008,2.54687812507522,2.52629403602495,2.26443292423544,1.71575605946523,2.48961540591654,"Chromosome",0.00734287313935665,12.4347374488136
"BB_0753_-_hypothetical_protein",2.90558272704914,3.03649715003302,2.93094597633041,2.95546838342136,2.89444511316996,2.75614144588328,2.54442649953776,1.90130408405075,2.69825630669048,"Chromosome",0.0150400528573737,9.15359613284901
"BB_0754_-_ABC_transporter_ATP-binding_protein",2.70923518209549,2.77271107666822,2.82027372638192,2.61453761472534,2.58192805114518,2.61825629885051,2.31042989498745,1.90965122129289,2.53441831777344,"Chromosome",0.0054089565387942,14.09031591571
"BB_0755_rnz_ribonuclease_Z",2.50018705797713,2.50528567414413,2.60001508625926,2.55250030511749,2.43927741646939,2.47111120658911,2.14643503538548,1.76312088373101,2.40389400908724,"Chromosome",0.0262265909639736,7.09734760042224
"BB_0757_clpP_ATP-dependent_Clp_protease_proteolytic_subunit",3.24494969432143,3.2470939733048,3.24507568598077,3.29757669015453,3.33511072757232,3.32242605240595,3.35346613096659,3.41365007660627,3.33754112058121,"Chromosome",0.00618865150086019,13.3401452358032
"BB_0763_-_acetoacetate_metabolism_regulatory_protein_AtoC",2.33607530319732,2.29022610414128,2.33564441669143,2.27498868177068,2.16829413660806,2.15790986622634,2.06551249283948,2.04530732825306,2.13282620868482,"Chromosome",0.00258683625047112,18.854033709192
"BB_0764_-_sensory_transduction_histidine_kinase",2.1987120574604,2.21294363083497,2.22198249172156,2.21521178320076,2.02683957309264,2.10486592944244,1.6780838672661,1.40603747048814,2.09070939990516,"Chromosome",0.0328271144598139,6.36936917655532
"BB_0765_-_hypothetical_protein",2.13807838637014,2.21892918508809,2.15962734065867,2.05079335720024,2.02562941701348,1.99909703230419,1.55155367950285,0.946119538761415,1.94593906209023,"Chromosome",0.00629619517761735,13.2465765277463
"BB_0766_cvpA_colicin_V_production_protein",2.47052809034895,2.55524322036754,2.448789770613,2.51951823530571,2.48849149048741,2.47109212449656,2.03628947019295,1.52866735910044,2.3887439932475,"Chromosome",0.0238462385043045,7.42272534548865
"BB_0768_-_pyridoxal_kinase",2.63009617930047,2.73256503109233,2.67477206909962,2.63954027470401,2.64495234832256,2.62004335393243,2.1064798773,2.07351306562535,2.59024200968833,"Chromosome",0.0287828526351115,6.78911228353671
"BB_0769_-_tRNA_N6-adenosine_threonylcarbamoyltransferase",2.59054983013524,2.71824668398577,2.61502474495835,2.65629085947468,2.6439094324513,2.61592901993738,2.21123537639873,1.76919337670657,2.53469988245529,"Chromosome",0.0253418584055855,7.21351195027904
"BB_0770_-_divergent_polysaccharide_deacetylase_superfamily_protein",2.61898578766923,2.61768900128885,2.64606243079895,2.68381043685807,2.66711379060415,2.64510380099996,2.28669219128958,2.00660294109804,2.57532527276495,"Chromosome",0.0243419793851156,7.35148422494701
"BB_0771_rpoS_RNA_polymerase_sigma_factor",1.63281349026243,1.84579359473805,1.83790520615823,1.64691908375187,1.6316446344881,1.6588200537043,1.59584880514667,1.20734078958164,1.4964771375831,"Chromosome",0.037304938280802,5.9784040563015
"BB_0771a_-_hypothetical_protein",2.5241246843911,2.52542448664353,2.47975377040694,2.35493972054411,2.52622681157913,2.40208418856263,2.17090387885419,1.80060161756705,2.30658799144394,"Chromosome",0.013361430551347,9.64261565200215
"BB_0772_-_flagellar_basal_body_P-ring_protein",2.62598909364285,2.7201502038072,2.64950815242439,2.70818796744847,2.71016138493358,2.62321826825553,2.53122976492865,1.89267327630295,2.50406288267869,"Chromosome",0.0397668132690553,5.78916581848651
"BB_0773_-_hypothetical_protein",2.39629003366317,2.49686187071588,2.47139000307796,2.36389014007251,2.5001225330722,2.36392395821637,1.97632567250732,0.862909191027644,2.10854811162466,"Chromosome",0.00411846640224814,15.7158438117192
"BB_0782_nadD_nicotinate-nucleotide_adenylyltransferase",2.56294797629645,2.6722789302221,2.60052312998832,2.51603535003947,2.62175772230815,2.57809227345196,1.96532825378335,1.68734967741561,2.54038579174932,"Chromosome",0.0478973613362391,5.26071029806603
"BB_0793_tmk_thymidylate_kinase",2.00635050026995,1.91618065186625,1.87818617911227,1.99613368902791,2.00410030033275,2.05388862656256,1.36213739024769,1.42600673137701,1.92612833401481,"Chromosome",0.0377446063508361,5.94340616311266
"BB_0794_-_hypothetical_protein",2.71870176699839,2.77163818235348,2.72528095778507,2.81710703635377,2.90228960519932,2.83337663423746,2.81580214223188,2.77741739686422,2.81709843384887,"Chromosome",0.0243022350403444,7.3571241572856
"BB_0798_-_competence_protein_F",2.32299825772938,2.46311773099481,2.39167066595795,2.4900076685707,2.5223490173721,2.41341209600145,2.14124904220383,2.03290067873268,2.35223077037316,"Chromosome",0.0265896479621761,7.05118019317343
"BB_0807_-_integral_membrane_protein",2.85617766927371,2.94436322474287,2.89185121823784,3.00685096032427,3.0502675909325,2.80071776545665,2.52645042187328,2.34864748942331,2.81242667423007,"Chromosome",0.0453645931549885,5.41167041628137
"BB_0808_-_hypothetical_protein",2.70970403845515,2.79215486439831,2.75848041008524,2.80487785479505,2.85874406976158,2.69077622886362,2.29983839554488,2.21700990980421,2.70028046315287,"Chromosome",0.0431508950077018,5.5531217103372
"BB_0810_mviN_integral_membrane_protein_MviN",2.48531532745205,2.63956118946346,2.59796269910816,2.6927914176531,2.74593783581155,2.52504739983198,2.33313479252482,2.09773612349375,2.49469434263843,"Chromosome",0.0476265825506128,5.27633602078729
"BB_0811_-_hypothetical_protein",2.30717715299875,2.35971409049901,2.34911427201543,2.42303113188438,2.39109573104612,2.27610779034795,2.10499894929963,2.16547877591435,2.26439984953191,"Chromosome",0.0321311068677619,6.43653798733037
"BB_0824_-_hypothetical_protein",3.27960535380424,3.34351296950316,3.31181741169586,3.50420163882207,3.58107655333117,3.39409078630785,3.62091126051539,3.57801654242636,3.4463305329236,"Chromosome",0.0399875836218209,5.77296104526222
"BB_0833_ileS_isoleucine--tRNA_ligase",2.78012064673316,2.88303707855,2.84195418418749,2.77505603207866,2.7631441118214,2.77059135674871,2.66406347114927,2.39418717099038,2.6887925501022,"Chromosome",0.020074530797449,8.0383998141075
"BB_0834_-_ATP-dependent_Clp_protease_subunit_C",2.89842567835603,2.98259683181671,2.96725397917132,2.89243077237884,2.88707409265778,2.88085701955765,2.6136917477342,2.15715141556092,2.76815322609973,"Chromosome",0.00950843418882963,11.1607064416248
"BB_0835_-_phosphomannomutase",1.91309826615943,2.02733329593859,1.9655690255875,1.90167514204866,1.89565234083759,1.90518203952731,1.51359444676206,1.04317751618529,1.76786871149857,"Chromosome",0.0078625907128312,12.0868775345387
"BB_0838_-_hypothetical_protein",2.44721076389918,2.51786859913919,2.46037156183465,2.45038153254451,2.4420013113201,2.33954286210078,1.81963802248723,1.65108990824577,2.38983031260806,"Chromosome",0.0403186905836894,5.74887976909713
"BB_0839_-_hypothetical_protein",2.61518700035743,2.58507815630059,2.55906713531778,2.51220395239248,2.45723830108011,2.5487848330439,2.47692143329553,2.30593791572392,2.4493318097054,"Chromosome",0.0207004148639849,7.92600944464606
"BB_A0078_-_lipoprotein",1.44442268637314,1.40964406078657,1.47735136981995,1.50468965373189,1.34430579920681,1.3769089376839,0.734611834571802,0.651631703610425,1.20301111732214,"lp54",0.0056707072617142,13.8232091913751
"BB_A09_-_hypothetical_protein",1.82256621811012,2.06429697090942,1.91797001391765,1.98432564587757,2.11276582156304,2.11718509124948,1.77089764696961,1.3430105543777,1.81214832492914,"lp54",0.0254948087691758,7.19304641449991
"BB_A10_-_hypothetical_protein",1.77952722947225,1.94908882392475,1.82388811146647,2.03089508746046,2.0111642920045,1.92920121297785,1.50371579824246,1.12922248423913,1.70340832088656,"lp54",0.00535476716729136,14.1477729352452
"BB_A11_-_hypothetical_protein",1.37584460846658,1.59248432000225,1.47042666277809,1.53834245063379,1.65374299402574,1.60447769811051,1.14453996081635,0.51375547228551,1.37446972179511,"lp54",0.0184587654156621,8.35151178923194
"BB_A13_-_hypothetical_protein",1.98421712083387,2.05952933940351,1.97881254667769,2.26433369256725,2.13418348483511,2.03837771585007,1.40659297380909,1.14153129395495,1.86299612399597,"lp54",0.0119616703087134,10.1176884498067
"BB_A20_-_PF-32_protein",2.59606572198681,2.77330728700352,2.70657868344144,2.67510530534952,2.72814673250011,2.67358576790407,2.44398699028765,1.62846454180115,2.45579317639159,"lp54",0.0175372143447051,8.54696150636021
"BB_A21_-_PF-49_protein",2.91263011221572,2.92264917735332,2.86870966582035,2.87024701586448,2.9042566706613,2.8459217973753,2.54793707410154,2.28685824202819,2.81626384293706,"lp54",0.0269094196890697,7.01120783067909
"BB_A24_dbpA_decorin-binding_protein_A",1.35737065978804,1.42328356578448,1.37304447938446,1.54129586172022,1.4119343712751,1.53695089770609,1.74970076687903,1.75313474597227,1.4894859799419,"lp54",0.047078427757968,5.30833382277178
"BB_A31_-_pbsx_family_phage_terminase",2.23014480878911,2.19176111407243,2.24874302709956,2.18429953746328,2.16261816729907,2.09668759729004,1.61256983451641,1.52647238892777,2.10411479690546,"lp54",0.0201606496796655,8.02266005292796
"BB_A32_-_hypothetical_protein",2.09652418817654,2.06535186508599,2.15582472333745,2.1995385243332,2.0588320366187,2.06277370829719,1.67219948943252,1.52086198350121,1.81804104811983,"lp54",0.00299528864497975,17.8117385485296
"BB_A41_-_hypothetical_protein",2.14347696851982,2.24644441370707,2.16892744018993,2.10231705484771,2.17317752414004,2.11773186763202,1.78165414711732,1.38741830373174,1.88030127989019,"lp54",0.00191327495759481,21.1654818377085
"BB_A51_-_hypothetical_protein",1.74234721711421,1.80748902559396,1.70690715828132,1.65661176544424,1.85228293051079,1.72350656935105,1.28996779168673,1.24631142947559,1.62240780566506,"lp54",0.0286874046546405,6.79995695760326
"BB_A64_-_P35_antigen",1.23024705527004,1.00006079697178,0.960252862113142,1.06799651262368,1.06894984461887,0.957924632213784,0.421343930392892,0.498105077005375,0.671208029328678,"lp54",0.0166951367516415,8.73792313216854
"BB_B09_-_lipoprotein",1.79799560293804,1.92542039372048,1.75252475746507,1.77715485005066,1.81215367948306,1.7899119468661,1.65775265189229,1.27146288530218,1.59518527031976,"cp26",0.0277182634701188,6.91286629717593
"BB_B10_-_hypothetical_protein",2.60828956753688,2.63688089039884,2.59353637893469,2.70775577603539,2.82348466254604,2.73292905965023,2.2522557688423,2.09508911291083,2.59814788833516,"cp26",0.0146682521206311,9.25542752519274
"BB_B12_-_PF-32_protein",2.49901588159814,2.66363685987327,2.53716275175277,2.54980853610439,2.61913613157951,2.56970740398291,2.13732878733901,1.75499776242238,2.38098143107596,"cp26",0.0109196805320939,10.5223221176861
"BB_B13_-_plasmid_partition_protein",2.25548718652749,2.3316944724639,2.34733587093341,2.45413111657257,2.38306457236674,2.31598712946039,1.57050557960987,1.36307771359678,2.20820479502734,"cp26",0.0149018381752847,9.19105546278155
"BB_B22_-_guanine/xanthine_permease",2.81210615550986,2.96985092086368,2.89776780189472,2.88236798158487,2.95574401738198,2.92210028834137,2.65502504224652,2.34267528776951,2.82902959823158,"cp26",0.0486686116872537,5.21684198784585
"BB_B26_-_hypothetical_protein",2.19484444670418,2.32984516551087,2.19854712506451,2.25200788247018,2.31514292961852,2.1719223537753,2.01297634531231,1.73054892096742,2.13160583418969,"cp26",0.0473230891462831,5.29399098854988
"BB_D10_-_lipoprotein",2.22357121560988,2.31744067845509,2.23116874242043,2.32676993840807,2.39655849438971,2.46172656904824,2.62469143946363,2.71777532005497,2.43921423372627,"lp17",0.0285359652966816,6.81726238876016
"BB_E19_-_hypothetical_protein",2.35078280178075,2.52620612504064,2.44575361223074,2.56035743510961,2.58052925690172,2.62937187705178,2.35041860051846,2.14285542555711,2.44207036727707,"lp25",0.0204321217908127,7.97362458228243
"BB_E20_-_hypothetical_protein",2.56305845130527,2.6309909738501,2.58096259010416,2.73684570490873,2.77530600755552,2.75782100420589,2.566199360475,2.4367286108352,2.5961163570205,"lp25",0.0016571687190219,22.3512286566759
"BB_E21_-_hypothetical_protein",3.08131849792771,3.096273740021,3.05168107485205,3.13627336237322,3.15886887365896,3.14909589106797,3.02697428045195,2.62315001174119,2.99984579808647,"lp25",0.038501529971112,5.8844099968103
"BB_F25_-_hypothetical_protein",1.99719147614105,2.18336096476828,2.1105358409762,2.1133382594234,2.12321442617305,2.26044586513577,1.74743356091138,1.61710942555077,1.60897507150991,"lp28-1",0.0039976632816711,15.9024972830639
"BB_F26_-_hypothetical_protein",2.20744585398425,2.3270011327568,2.18021765822181,2.19346688792645,2.34428614351473,2.42728157250559,2.12414216188551,1.78239736860254,1.7643039351955,"lp28-1",0.0291933473577986,6.7430131743384
"BB_I38_-_surface_antigen",2.66818270134825,2.74840589511603,2.47038696727958,2.6817611746151,2.76124580645247,2.70123285328077,2.47706624060099,2.029152362906,2.36637625638374,"lp28-4",0.0228727660620536,7.56854072704376
"BB_J08_-_surface_protein",3.35173834558076,3.3595755864942,3.31729428729029,3.28817989393652,3.32573316661632,3.35911801966766,3.28993437799317,3.12097185212836,3.14601013974655,"lp38",0.0274680976591968,6.9428692201166
"BB_K0059_-_hypothetical_protein",0,0,0.289930813714117,0.929358631236268,0.785938133035895,0.914208245676097,0,0.492623515823089,0.513763455468749,"lp36",0.000901764982067297,28.0520396871423
"BB_K01_-_lipoprotein",2.79201957791822,2.7975548974337,2.79503840828642,2.61561236949247,2.60273479472355,2.74688007386895,2.60355789262592,2.62099026416253,2.65399932127913,"lp36",0.00743095164529899,12.3735126530049
"BB_K15_-_antigen_P35",2.74202561329752,2.76320554787823,2.77455929825347,2.56425998070584,2.46951274710262,2.56087343854822,2.35709592509573,2.55555632125253,2.58477885977963,"lp36",0.00245138778509638,19.249345949094
"BB_K35_-_hypothetical_protein",2.50430227730283,2.40227342213482,2.52116424523423,2.70431785104915,2.63769782078549,2.86674266635978,2.91726335044853,3.00973126942366,2.78956097105749,"lp36",0.0157726769526185,8.96243116952692
"BB_L02_-_hypothetical_protein",1.29695243149841,1.44324107655374,1.45355835903966,0.955156942324826,1.25699660526759,1.27097680196804,1.14298355492282,1.10857855294521,1.02875786162841,"cp32-8",0.0232620316307579,7.5092576791425
"BB_L07_-_hypothetical_protein",1.24321669309738,1.27791162546394,1.11288304863546,1.00633380833191,1.11551731971853,1.1209159678918,0.987624263223177,0,0.922442581547816,"cp32-8",0.0298539924570832,6.67060805272879
"BB_L08_-_hypothetical_protein",1.18698174857321,1.2539821832151,1.14120825734027,1.074318983717,1.10871382189351,1.21421313365823,0.555038797251925,0.705425777431757,0,"cp32-8",0.000857829950340474,28.573363746857
"BB_L10_-_hypothetical_protein",0.734264429705879,1.0957758934637,0.838650150894971,1.03358899722495,1.00072379971453,0.927370876389172,0,0,0.735614866113575,"cp32-8",0.0358014345187293,6.10236916410754
"BB_L24_blyB_holin_protein",1.93518772521181,2.14689048345618,1.969112452595,1.61256453559925,1.77294189397785,1.92560135287202,1.66960600397119,1.42912864408958,1.72349425603129,"cp32-8",0.0321037769165107,6.43921500333965
"BB_L26_-_hypothetical_protein",2.45220824821922,2.52903360997795,2.37725159647804,1.83129118253797,1.96391856806817,2.07912333625597,2.11004060361572,1.68598970815066,2.02777757449811,"cp32-8",0.00158388443806266,22.7363383466731
"BB_L40_erpO_ErpB1_protein",3.38633306369544,3.29021052067596,3.32476999098509,3.46186753528658,3.4734154333173,3.27088603715906,2.90395391601488,2.52528457510445,3.13940992091627,"cp32-8",0.0112536278649116,10.3872201333015
"BB_L41_-_hypothetical_protein",1.80100216224052,1.85949195609323,1.8476849196257,1.98331454755454,1.89680665470745,1.91608108490653,1.48345891509421,1.29712117934067,1.83142757944805,"cp32-8",0.0297045431582284,6.68679916232794
"BB_M01_-_phage_portal_protein",1.26962967435755,1.37298928578938,1.30015183356791,1.28215063507525,1.26084622223504,1.32942635675405,0.939720379230484,0.968234909596406,1.11350884053282,"cp32-6",0.00222891119118801,19.9662629603713
"BB_M07_-_hypothetical_protein",0.732548148193561,1.02160064992208,0.940590687168685,1.00633380833191,0.820081206998804,0.957074506740028,0.502394341805474,0.723256129870097,0.283429914615461,"cp32-6",0.0407871740938995,5.71525400680855
"BB_M25_-_hypothetical_protein",1.99847294481612,2.17475737631066,1.95493152570898,1.82774524031243,1.72813617438944,1.86906090277188,1.71036957209116,0.834002104105432,1.47359644226997,"cp32-6",0.0128335105423115,9.81364725386132
"BB_M26_-_hypothetical_protein",2.27796658669435,2.47804242903523,2.15480423273259,1.90091033974869,1.86502516644604,1.92803515615074,1.90888106493464,1.24500404814754,1.66360293900873,"cp32-6",0.0162899048583996,8.8344588924327
"BB_M30_-_hypothetical_protein",2.2948870894108,2.39588703116045,2.13842586240777,2.50353738420854,2.64195672219019,2.60217289321665,2.39610864158777,1.84171602124969,2.28877891165422,"cp32-6",0.0193955901363641,8.16572486068358
"BB_M33_-_PF-49_protein",2.13674592667771,2.32434419893904,2.16244491429998,1.975916385347,2.10458611370622,2.16133205913536,1.53731653339597,1.60370610104663,2.05153453353122,"cp32-6",0.0418078859319477,5.64374312907933
"BB_M34_bdrK_BdrK",2.16336713885722,2.4222975857649,2.36231279532651,2.07691702264552,2.10928824535193,2.26749556784279,1.73003574574648,1.68404512817981,2.08864984755527,"cp32-6",0.0322340182440346,6.42648481488003
"BB_N25_-_hypothetical_protein",1.87063445327355,2.04450056237064,1.81273358834111,1.62748260875396,1.65330708316533,1.6211492674025,1.68456890445567,1.10198065055931,1.50863878388939,"cp32-9",0.0239394507736264,7.40918020670106
"BB_N39_erpQ_protein_ErpQ",2.87780254627974,2.78980273780686,2.84228277208759,2.98909012988462,3.02093692133982,2.81450396694194,2.47387802393951,2.16305099765629,2.66703059466576,"cp32-9",0.0102956482630191,10.7901827754755
"BB_N42_-_hypothetical_protein",0.993976888065834,0.800605054341097,0.808947904997501,1.00892449415776,0.961632731386273,1.02478686016123,1.36063695442127,1.52893982777034,1.24748717348277,"cp32-9",0.0100820136942916,10.8869059338729
"BB_O02_-_hypothetical_protein",1.16873607369275,1.27222695896684,1.41291896070329,1.32319845478483,1.21208368102125,1.31364790953789,0.948547439307168,0.69432435211631,0.976534297204316,"cp32-7",0.014463687149484,9.3129348510103
"BB_O17_-_hypothetical_protein",0.835896574753353,0.962597079266801,0.927735201921494,1.1070097408851,1.01453481899934,1.18097985504718,0.832309602451631,0.591335121629039,0.93283130158752,"cp32-7",0.0229101240920677,7.56279312746774
"BB_O21_-_hypothetical_protein",1.31938092133678,1.49412396960987,1.37378707067016,1.00741104793846,1.05941951271677,1.0732049564886,1.14966857499061,0.789528537290773,0.898905003687063,"cp32-7",0.00504944835094327,14.4866496917332
"BB_O33_-_plasmid_partition_protein",2.28671463428901,2.34438441308036,2.26992369523095,2.28174448197941,2.18468575372844,2.22133337068066,1.89694157469089,1.66345309015717,1.95890535571277,"cp32-7",0.000614021069008933,32.2961088630338
"BB_O34_bdrM_protein_BdrM",2.22807425876719,2.41477620034984,2.31804036685879,2.20701735498348,2.24828967078304,2.36251451786675,1.84730175751336,1.74483336298659,2.13967447921588,"cp32-7",0.0239039969391335,7.4143238799581
"BB_O36_bppA_protein_BppA",0.732030087031595,0.717708772477325,0.729902301691611,0.850586201613336,0.924149495342234,0.948633969340821,1.22007669212342,1.10387894655552,0.905653969670957,"cp32-7",0.0366221295288999,6.03386070781834
"BB_O38_bppC_protein_BppC",0,0,0.0886218722043702,0.660435712156006,0.487196371844805,0.53582811310958,0.214590082389618,0,0.317965190024577,"cp32-7",0.00262844089377697,18.7381133800018
"BB_P24_blyB_holin_protein",1.94950027416537,2.13602894961352,1.97845397698155,1.83862748107893,1.79624675443444,1.89835543524732,1.64219634223197,1.67302736156368,1.67088846731565,"cp32-1",0.00911852286903077,11.3597349612325
"BB_P25_-_hypothetical_protein",1.9716019111571,2.16206829875975,1.97226533895089,1.62748260875396,1.77582663134343,1.93405180732211,1.62785825575824,0.834002104105432,1.79425026983256,"cp32-1",0.0388050527718141,5.86118550863897
"BB_P26_-_hypothetical_protein",2.38151397887617,2.47110093172038,2.38086400218751,2.17707165715175,2.15583382406876,2.22649421832055,2.02677832865953,1.38401631527663,2.13816054216359,"cp32-1",0.00521518502870684,14.2994122283841
"BB_P31_-_hypothetical_protein",2.44388698400205,2.44391355041783,2.45149015485523,2.31055525058997,2.28635765314279,2.31706832979429,2.19333890877007,2.35225392955472,2.29795518891462,"cp32-1",0.00394990328334386,15.9783783678282
"BB_P32_-_PF-32_protein",2.9031551262789,2.93788382899604,2.88736238693699,2.64313769879359,2.59813583700086,2.71381299411544,2.40764579706256,2.64469357643662,2.72446757239548,"cp32-1",0.00327375811328883,17.2040790385146
"BB_P33_-_PF-49_protein",2.82127240511649,2.85368057200621,2.88517852911445,2.61746690453316,2.49180276900917,2.65728250690125,2.20268716423582,2.25436194554702,2.59249097959868,"cp32-1",0.00193552109546121,21.0725419213532
"BB_P34_bdrA_protein_BdrA",2.81546882901725,2.85404113250009,2.87349149533344,2.5929779632004,2.56386300163395,2.67909432486921,2.32808181594893,2.23554864618115,2.67959231590546,"cp32-1",0.00735019244011358,12.4296124580479
"BB_P39_erpB_protein_ErpB",3.36099269001891,3.26037671850606,3.30615900774492,3.43505561582573,3.46196948234852,3.24334814829383,2.91192161434517,2.5431575538743,3.1066056085667,"cp32-1",0.01212109911341,10.0599221233967
"BB_Q17_-_hypothetical_protein",0,0.356819106800188,0.209707991431788,0.771003620198923,0.584170596185931,0.550486406333282,0.559718749049922,0.227718350752669,0.394463938965208,"lp56",0.0362704700360147,6.06296271851062
"BB_Q28_-_hypothetical_protein",1.47664616632377,1.60140044889719,1.39460925910355,1.16903339151563,1.34416819067712,1.36591832217634,1.31538039542716,1.00124507300924,1.02908332058376,"lp56",0.0333470547698375,6.32041879795699
"BB_Q50_-_phage_terminase_large_subunit",0.924645180091511,1.0325865300086,0.981152843122125,1.26584569478373,1.08079238169615,1.07366337288141,0.594867472862688,0.649630779222655,0.875405088484596,"lp56",0.0152451808367148,9.09883984621044
"BB_Q88_-_hypothetical_protein",0.493764667567145,0.54914064419804,0.598906449005977,0,0.379965071750449,0.45928993389903,0,0.261234787474313,0.275434828681227,"lp56",0.02856509681567,6.81392394343563
"BB_R25_-_hypothetical_protein",2.03589780341483,2.1534001818713,1.89834720288926,1.58286186666228,1.78194197351062,1.81079485420938,1.79022744196813,1.01357363568873,1.37117503662077,"cp32-4",0.0226086074337254,7.60954234200324
"BB_R26_-_hypothetical_protein",2.18000251112724,2.3123847185221,2.08431526538214,1.77778701414595,1.79080853589598,1.80587178701279,2.04914046315896,1.50444775387903,1.70617051672111,"cp32-4",0.0216552747922594,7.76300036594704
"BB_R29_-_hypothetical_protein",0.974416809983827,0.702961877338568,0.945793937894717,1.2070685815141,1.17982170516423,1.07523664020612,0.838335186372668,0.806742157032166,0.805585805734593,"cp32-4",0.00460477345510015,15.0323293876323
"BB_R44_-_hypothetical_protein",1.32934091897249,1.25499977906392,1.40154011300639,1.63009719715947,1.42944865209554,1.43937533155903,1.90229014906848,2.02440356268297,1.59639584421858,"cp32-4",0.0375392597807483,5.95968387052227
"BB_R45_-_phage_terminase_large_subunit",0.863086015818953,0.909135437144932,0.744098093768562,1.08944939284464,0.969340882899441,1.11937137777267,1.22458226432194,1.14570594456121,0.985632569090375,"cp32-4",0.0454450004145694,5.40670647705578
"BB_S06_-_hypothetical_protein",1.14777213665321,1.12328636388104,1.01459907427559,1.14672632934199,1.29716499922406,1.24473962696404,0.967246486200151,0.875616804857799,0.878032651620399,"cp32-3",0.00582917488244048,13.6693587393874
"BB_S07_-_hypothetical_protein",1.07935492910609,0.950606278362023,0.940590687168685,1.00633380833191,1.13577804543212,1.16659882534636,0.877330448840487,0.788528247876198,0.967787520892284,"cp32-3",0.0478178530742,5.2652862112325
"BB_S21_-_hypothetical_protein",1.33627556995695,1.53626165745679,1.3045616118263,1.28655077371766,1.25592586785964,1.33385014510255,1.21941685303736,0.553838139140345,0.898905003687063,"cp32-3",0.0436887111626336,5.51787986170199
"BB_S24_blyB_holin_protein",1.91279365189555,2.05660378855205,1.95471274046554,1.81269214420089,1.81475619502205,1.88406375173984,1.65611737573889,1.55456910644079,1.82859352301906,"cp32-3",0.0195565321844258,8.135010708737
"BB_S25_-_hypothetical_protein",2.02377905677378,2.06106023059666,2.03119429417242,1.73905626379834,1.78797310693028,1.87100401087897,1.7577823182951,1.10198065055931,1.54106477461281,"cp32-3",0.00208597492803152,20.4792863969851
"BB_S26_-_hypothetical_protein",2.12358053048398,2.23534913717413,2.04717358511288,1.80536218801847,1.73462383668545,1.83280643022815,1.98464790895217,1.5473340359326,1.82125995218114,"cp32-3",0.0168155753883809,8.70983234832947
"BB_S41_erpG_outer_surface_protein_ErpG",2.39439038494085,2.26081287323631,2.30013877816571,2.5339524475295,2.4374207542194,2.38189628831867,1.94651268866161,1.85185860579358,2.19246987943106,"cp32-3",0.00695689960028174,12.7150587682793
"BB_S42_bapA_BapA_protein",1.79916817617015,1.83890132881575,1.54612914664148,1.88825870470456,2.02109829450149,1.95875351718205,1.24458386439097,1.419886387939,1.66520375080632,"cp32-3",0.00881407589553431,11.5232002683864
"BB_S44_-_hypothetical_protein",1.47767824198101,1.38669154627121,1.49536253407652,1.21007762429529,1.5522166557992,1.53041102904713,1.70539411267981,1.63545358642864,1.72852827651975,"cp32-3",0.0200472099631392,8.04341200611321
"BB_U07_-_protein_BBC01",2.04980315034472,2.07788003435482,2.07735700235696,2.07041840053967,1.9809654838476,1.98903579469595,1.79925161338257,1.52884474020096,0.279373285440882,"lp21",0.00350885080090731,16.7423851720196
"BB_U08_-_SUA5_subfamily_protein",1.65736567934656,1.48481214694104,1.38706754571894,1.29970337336519,1.48219303694496,1.48543890126522,0.976001302846024,1.01374071306284,0,"lp21",0.0137505674346249,9.52221188147609
